{	"application": "gridlabd",
	"version" : "4.2.15",
	"modules" : {
		"ica_analysis" : {
			"major" : "4",
			"minor" : "2"
		}
	},
	"types" : {
		"double" : {
			"xsdtype" : "decimal",
			"default" : "0.0",
			"memsize" : "8",
			"strsize" : "24",
			"has_tostr" : "True",
			"has_fromstr" : "True",
			"has_create" : "False",
			"has_stream" : "False",
			"compareops" : {
				"==" : {"nargs": "2"},
				"<=" : {"nargs": "2"},
				">=" : {"nargs": "2"},
				"!=" : {"nargs": "2"},
				"<" : {"nargs": "2"},
				">" : {"nargs": "2"},
				"inside" : {"nargs": "3"},
				"outside" : {"nargs": "3"}
			}
		},
		"complex" : {
			"xsdtype" : "string",
			"default" : "0+0i",
			"memsize" : "24",
			"strsize" : "48",
			"has_tostr" : "True",
			"has_fromstr" : "True",
			"has_create" : "False",
			"has_stream" : "False",
			"compareops" : {
				"==" : {"nargs": "2"},
				"<=" : {"nargs": "2"},
				">=" : {"nargs": "2"},
				"!=" : {"nargs": "2"},
				"<" : {"nargs": "2"},
				">" : {"nargs": "2"},
				"inside" : {"nargs": "3"},
				"outside" : {"nargs": "3"}
			}
		},
		"enumeration" : {
			"xsdtype" : "string",
			"default" : "0",
			"memsize" : "4",
			"strsize" : "1024",
			"has_tostr" : "True",
			"has_fromstr" : "True",
			"has_create" : "False",
			"has_stream" : "False",
			"compareops" : {
				"==" : {"nargs": "2"},
				"<=" : {"nargs": "2"},
				">=" : {"nargs": "2"},
				"!=" : {"nargs": "2"},
				"<" : {"nargs": "2"},
				">" : {"nargs": "2"},
				"inside" : {"nargs": "3"},
				"outside" : {"nargs": "3"}
			}
		},
		"set" : {
			"xsdtype" : "string",
			"default" : "0",
			"memsize" : "8",
			"strsize" : "1024",
			"has_tostr" : "True",
			"has_fromstr" : "True",
			"has_create" : "False",
			"has_stream" : "False",
			"compareops" : {
				"==" : {"nargs": "2"},
				"<=" : {"nargs": "2"},
				">=" : {"nargs": "2"},
				"!=" : {"nargs": "2"},
				"<" : {"nargs": "2"},
				">" : {"nargs": "2"},
				"inside" : {"nargs": "3"},
				"outside" : {"nargs": "3"}
			}
		},
		"int16" : {
			"xsdtype" : "integer",
			"default" : "0",
			"memsize" : "2",
			"strsize" : "6",
			"has_tostr" : "True",
			"has_fromstr" : "True",
			"has_create" : "False",
			"has_stream" : "False",
			"compareops" : {
				"==" : {"nargs": "2"},
				"<=" : {"nargs": "2"},
				">=" : {"nargs": "2"},
				"!=" : {"nargs": "2"},
				"<" : {"nargs": "2"},
				">" : {"nargs": "2"},
				"inside" : {"nargs": "3"},
				"outside" : {"nargs": "3"}
			}
		},
		"int32" : {
			"xsdtype" : "integer",
			"default" : "0",
			"memsize" : "4",
			"strsize" : "12",
			"has_tostr" : "True",
			"has_fromstr" : "True",
			"has_create" : "False",
			"has_stream" : "False",
			"compareops" : {
				"==" : {"nargs": "2"},
				"<=" : {"nargs": "2"},
				">=" : {"nargs": "2"},
				"!=" : {"nargs": "2"},
				"<" : {"nargs": "2"},
				">" : {"nargs": "2"},
				"inside" : {"nargs": "3"},
				"outside" : {"nargs": "3"}
			}
		},
		"int64" : {
			"xsdtype" : "integer",
			"default" : "0",
			"memsize" : "8",
			"strsize" : "24",
			"has_tostr" : "True",
			"has_fromstr" : "True",
			"has_create" : "False",
			"has_stream" : "False",
			"compareops" : {
				"==" : {"nargs": "2"},
				"<=" : {"nargs": "2"},
				">=" : {"nargs": "2"},
				"!=" : {"nargs": "2"},
				"<" : {"nargs": "2"},
				">" : {"nargs": "2"},
				"inside" : {"nargs": "3"},
				"outside" : {"nargs": "3"}
			}
		},
		"char8" : {
			"xsdtype" : "string",
			"default" : "",
			"memsize" : "9",
			"strsize" : "8",
			"has_tostr" : "True",
			"has_fromstr" : "True",
			"has_create" : "False",
			"has_stream" : "False",
			"compareops" : {
				"==" : {"nargs": "2"},
				"<=" : {"nargs": "2"},
				">=" : {"nargs": "2"},
				"!=" : {"nargs": "2"},
				"<" : {"nargs": "2"},
				">" : {"nargs": "2"},
				"inside" : {"nargs": "3"},
				"outside" : {"nargs": "3"}
			}
		},
		"char32" : {
			"xsdtype" : "string",
			"default" : "",
			"memsize" : "33",
			"strsize" : "32",
			"has_tostr" : "True",
			"has_fromstr" : "True",
			"has_create" : "False",
			"has_stream" : "False",
			"compareops" : {
				"==" : {"nargs": "2"},
				"<=" : {"nargs": "2"},
				">=" : {"nargs": "2"},
				"!=" : {"nargs": "2"},
				"<" : {"nargs": "2"},
				">" : {"nargs": "2"},
				"inside" : {"nargs": "3"},
				"outside" : {"nargs": "3"}
			}
		},
		"char256" : {
			"xsdtype" : "string",
			"default" : "",
			"memsize" : "257",
			"strsize" : "256",
			"has_tostr" : "True",
			"has_fromstr" : "True",
			"has_create" : "False",
			"has_stream" : "False",
			"compareops" : {
				"==" : {"nargs": "2"},
				"<=" : {"nargs": "2"},
				">=" : {"nargs": "2"},
				"!=" : {"nargs": "2"},
				"<" : {"nargs": "2"},
				">" : {"nargs": "2"},
				"inside" : {"nargs": "3"},
				"outside" : {"nargs": "3"}
			}
		},
		"char1024" : {
			"xsdtype" : "string",
			"default" : "",
			"memsize" : "1025",
			"strsize" : "1024",
			"has_tostr" : "True",
			"has_fromstr" : "True",
			"has_create" : "False",
			"has_stream" : "False",
			"compareops" : {
				"==" : {"nargs": "2"},
				"<=" : {"nargs": "2"},
				">=" : {"nargs": "2"},
				"!=" : {"nargs": "2"},
				"<" : {"nargs": "2"},
				">" : {"nargs": "2"},
				"inside" : {"nargs": "3"},
				"outside" : {"nargs": "3"}
			}
		},
		"object" : {
			"xsdtype" : "string",
			"memsize" : "8",
			"strsize" : "64",
			"has_tostr" : "True",
			"has_fromstr" : "True",
			"has_create" : "False",
			"has_stream" : "False",
			"compareops" : {
				"==" : {"nargs": "2"},
				"!=" : {"nargs": "2"}
			}
		},
		"delegated" : {
			"xsdtype" : "string",
			"has_create" : "False",
			"has_stream" : "False",
			"compareops" : {
			}
		},
		"bool" : {
			"xsdtype" : "string",
			"default" : "FALSE",
			"memsize" : "1",
			"strsize" : "6",
			"has_tostr" : "True",
			"has_fromstr" : "True",
			"has_create" : "False",
			"has_stream" : "False",
			"compareops" : {
				"==" : {"nargs": "2"},
				"!=" : {"nargs": "2"}
			}
		},
		"timestamp" : {
			"xsdtype" : "string",
			"default" : "0",
			"memsize" : "8",
			"strsize" : "32",
			"has_tostr" : "True",
			"has_fromstr" : "True",
			"has_create" : "False",
			"has_stream" : "False",
			"compareops" : {
				"==" : {"nargs": "2"},
				"<=" : {"nargs": "2"},
				">=" : {"nargs": "2"},
				"!=" : {"nargs": "2"},
				"<" : {"nargs": "2"},
				">" : {"nargs": "2"},
				"inside" : {"nargs": "3"},
				"outside" : {"nargs": "3"}
			}
		},
		"double_array" : {
			"xsdtype" : "string",
			"default" : "",
			"memsize" : "56",
			"strsize" : "1024",
			"has_tostr" : "True",
			"has_fromstr" : "True",
			"has_create" : "True",
			"has_stream" : "False",
			"compareops" : {
			}
		},
		"complex_array" : {
			"xsdtype" : "string",
			"default" : "",
			"memsize" : "40",
			"strsize" : "1024",
			"has_tostr" : "True",
			"has_fromstr" : "True",
			"has_create" : "True",
			"has_stream" : "False",
			"compareops" : {
			}
		},
		"real" : {
			"xsdtype" : "decimal",
			"default" : "0.0",
			"memsize" : "8",
			"strsize" : "24",
			"has_tostr" : "True",
			"has_fromstr" : "True",
			"has_create" : "False",
			"has_stream" : "False",
			"compareops" : {
			}
		},
		"float" : {
			"xsdtype" : "decimal",
			"default" : "0.0",
			"memsize" : "4",
			"strsize" : "24",
			"has_tostr" : "True",
			"has_fromstr" : "True",
			"has_create" : "False",
			"has_stream" : "False",
			"compareops" : {
			}
		},
		"loadshape" : {
			"xsdtype" : "string",
			"memsize" : "208",
			"strsize" : "1024",
			"has_tostr" : "True",
			"has_fromstr" : "True",
			"has_create" : "True",
			"has_stream" : "False",
			"compareops" : {
				"==" : {"nargs": "2"},
				"<=" : {"nargs": "2"},
				">=" : {"nargs": "2"},
				"!=" : {"nargs": "2"},
				"<" : {"nargs": "2"},
				">" : {"nargs": "2"},
				"inside" : {"nargs": "3"},
				"outside" : {"nargs": "3"}
			}
		},
		"enduse" : {
			"xsdtype" : "string",
			"memsize" : "720",
			"strsize" : "1024",
			"has_tostr" : "True",
			"has_fromstr" : "True",
			"has_create" : "True",
			"has_stream" : "False",
			"compareops" : {
				"==" : {"nargs": "2"},
				"<=" : {"nargs": "2"},
				">=" : {"nargs": "2"},
				"!=" : {"nargs": "2"},
				"<" : {"nargs": "2"},
				">" : {"nargs": "2"},
				"inside" : {"nargs": "3"},
				"outside" : {"nargs": "3"}
			}
		},
		"randomvar" : {
			"xsdtype" : "string",
			"memsize" : "72",
			"strsize" : "24",
			"has_tostr" : "True",
			"has_fromstr" : "True",
			"has_create" : "True",
			"has_stream" : "False",
			"compareops" : {
				"==" : {"nargs": "2"},
				"<=" : {"nargs": "2"},
				">=" : {"nargs": "2"},
				"!=" : {"nargs": "2"},
				"<" : {"nargs": "2"},
				">" : {"nargs": "2"},
				"inside" : {"nargs": "3"},
				"outside" : {"nargs": "3"}
			}
		},
		"method" : {
			"xsdtype" : "string",
			"has_create" : "False",
			"has_stream" : "False",
			"compareops" : {
			}
		},
		"string" : {
			"xsdtype" : "string",
			"default" : "",
			"memsize" : "8",
			"has_create" : "True",
			"has_stream" : "False",
			"compareops" : {
				"==" : {"nargs": "2"},
				"<=" : {"nargs": "2"},
				">=" : {"nargs": "2"},
				"!=" : {"nargs": "2"},
				"<" : {"nargs": "2"},
				">" : {"nargs": "2"},
				"inside" : {"nargs": "3"},
				"outside" : {"nargs": "3"}
			}
		},
		"python" : {
			"xsdtype" : "string",
			"default" : "None",
			"memsize" : "8",
			"has_create" : "True",
			"has_stream" : "False",
			"compareops" : {
			}
		}
	},
	"header" : {
		"id" : {
			"type" : "int32",
			"access" : "PROTECTED"
		},
		"class" : {
			"type" : "string",
			"access" : "PROTECTED"
		},
		"groupid" : {
			"type" : "char32",
			"access" : "PROTECTED"
		},
		"name" : {
			"type" : "string",
			"access" : "PROTECTED"
		},
		"next" : {
			"type" : "object",
			"access" : "PROTECTED"
		},
		"parent" : {
			"type" : "object",
			"access" : "PROTECTED"
		},
		"child_count" : {
			"type" : "int32",
			"access" : "PROTECTED"
		},
		"rank" : {
			"type" : "int32",
			"access" : "PROTECTED"
		},
		"clock" : {
			"type" : "timestamp",
			"access" : "PROTECTED"
		},
		"valid_to" : {
			"type" : "timestamp",
			"access" : "PROTECTED"
		},
		"schedule_skew" : {
			"type" : "int64",
			"access" : "PROTECTED"
		},
		"latitude" : {
			"type" : "double",
			"access" : "PROTECTED"
		},
		"longitude" : {
			"type" : "double",
			"access" : "PROTECTED"
		},
		"in_svc" : {
			"type" : "timestamp",
			"access" : "PROTECTED"
		},
		"out_svc" : {
			"type" : "timestamp",
			"access" : "PROTECTED"
		},
		"rng_state" : {
			"type" : "int32",
			"access" : "PROTECTED"
		},
		"heartbeat" : {
			"type" : "int64",
			"access" : "PROTECTED"
		},
		"guid" : {
			"type" : "int64",
			"access" : "PROTECTED"
		},
		"profiler.presync" : {
			"type" : "int32",
			"access" : "PROTECTED"
		},
		"profiler.sync" : {
			"type" : "int32",
			"access" : "PROTECTED"
		},
		"profiler.postsync" : {
			"type" : "int32",
			"access" : "PROTECTED"
		},
		"profiler.init" : {
			"type" : "int32",
			"access" : "PROTECTED"
		},
		"profiler.heartbeat" : {
			"type" : "int32",
			"access" : "PROTECTED"
		},
		"profiler.precommit" : {
			"type" : "int32",
			"access" : "PROTECTED"
		},
		"profiler.commit" : {
			"type" : "int32",
			"access" : "PROTECTED"
		},
		"profiler.finalize" : {
			"type" : "int32",
			"access" : "PROTECTED"
		},
		"event.init" : {
			"type" : "string",
			"access" : "PROTECTED"
		},
		"event.precommit" : {
			"type" : "string",
			"access" : "PROTECTED"
		},
		"event.presync" : {
			"type" : "string",
			"access" : "PROTECTED"
		},
		"event.sync" : {
			"type" : "string",
			"access" : "PROTECTED"
		},
		"event.postsync" : {
			"type" : "string",
			"access" : "PROTECTED"
		},
		"event.commit" : {
			"type" : "string",
			"access" : "PROTECTED"
		},
		"event.finalize" : {
			"type" : "string",
			"access" : "PROTECTED"
		},
		"flags" : {
			"type" : "int64",
			"access" : "PROTECTED"
		}
	},
	"classes" : {
	},
	"globals" : {
		"version.major" : {
			"type" : "int32",
			"access" : "REFERENCE",
			"value" : "4"
		},
		"version.minor" : {
			"type" : "int32",
			"access" : "REFERENCE",
			"value" : "2"
		},
		"version.patch" : {
			"type" : "int32",
			"access" : "REFERENCE",
			"value" : "15"
		},
		"version.build" : {
			"type" : "int32",
			"access" : "REFERENCE",
			"value" : "201218"
		},
		"version.branch" : {
			"type" : "char256",
			"access" : "REFERENCE",
			"value" : "use_case/integration_capacity"
		},
		"version" : {
			"type" : "char1024",
			"access" : "REFERENCE",
			"value" : "4.2.15-201218-use_case/integration_capacity"
		},
		"command_line" : {
			"type" : "char1024",
			"access" : "REFERENCE",
			"value" : "/usr/local/opt/gridlabd/4.2.15-201218-use_case/integration_capacity/bin/gridlabd.bin /Users/dchassin/Documents/GitHub/slacgismo/gridlabd-template/US/CA/SLAC/ica_analysis/ica_analysis.glm"
		},
		"environment" : {
			"type" : "char1024",
			"access" : "PUBLIC",
			"value" : "batch"
		},
		"quiet" : {
			"type" : "bool",
			"access" : "PUBLIC",
			"value" : "FALSE"
		},
		"warn" : {
			"type" : "bool",
			"access" : "PUBLIC",
			"value" : "TRUE"
		},
		"debugger" : {
			"type" : "bool",
			"access" : "PUBLIC",
			"value" : "FALSE"
		},
		"gdb" : {
			"type" : "bool",
			"access" : "PUBLIC",
			"value" : "FALSE"
		},
		"debug" : {
			"type" : "bool",
			"access" : "PUBLIC",
			"value" : "FALSE"
		},
		"test" : {
			"type" : "bool",
			"access" : "PUBLIC",
			"value" : "FALSE"
		},
		"verbose" : {
			"type" : "bool",
			"access" : "PUBLIC",
			"value" : "FALSE"
		},
		"iteration_limit" : {
			"type" : "int32",
			"access" : "PUBLIC",
			"value" : "100"
		},
		"workdir" : {
			"type" : "char1024",
			"access" : "REFERENCE",
			"value" : "/Users/dchassin/Documents/GitHub/slacgismo/gridlabd-template/US/CA/SLAC/ica_analysis"
		},
		"dumpfile" : {
			"type" : "char1024",
			"access" : "PUBLIC",
			"value" : "gridlabd.json"
		},
		"savefile" : {
			"type" : "char1024",
			"access" : "PUBLIC",
			"value" : ""
		},
		"dumpall" : {
			"type" : "bool",
			"access" : "PUBLIC",
			"value" : "FALSE"
		},
		"runchecks" : {
			"type" : "bool",
			"access" : "PUBLIC",
			"value" : "FALSE"
		},
		"threadcount" : {
			"type" : "int32",
			"access" : "PUBLIC",
			"value" : "1"
		},
		"profiler" : {
			"type" : "bool",
			"access" : "PUBLIC",
			"value" : "FALSE"
		},
		"pauseatexit" : {
			"type" : "bool",
			"access" : "PUBLIC",
			"value" : "FALSE"
		},
		"testoutputfile" : {
			"type" : "char1024",
			"access" : "PUBLIC",
			"value" : "test.txt"
		},
		"xml_encoding" : {
			"type" : "int32",
			"access" : "PUBLIC",
			"value" : "8"
		},
		"clock" : {
			"type" : "timestamp",
			"access" : "PUBLIC",
			"value" : "1999-12-31 16:00:00 PST"
		},
		"starttime" : {
			"type" : "timestamp",
			"access" : "PUBLIC",
			"value" : "1999-12-31 16:00:00 PST"
		},
		"stoptime" : {
			"type" : "timestamp",
			"access" : "PUBLIC",
			"value" : "NEVER"
		},
		"double_format" : {
			"type" : "char32",
			"access" : "PUBLIC",
			"value" : "%+lg"
		},
		"complex_format" : {
			"type" : "char256",
			"access" : "PUBLIC",
			"value" : "%+lg%+lg%c"
		},
		"object_format" : {
			"type" : "char32",
			"access" : "PUBLIC",
			"value" : "%s:%d"
		},
		"object_scan" : {
			"type" : "char32",
			"access" : "PUBLIC",
			"value" : "%[^:]:%d"
		},
		"object_tree_balance" : {
			"type" : "bool",
			"access" : "PUBLIC",
			"value" : "FALSE"
		},
		"kmlfile" : {
			"type" : "char1024",
			"access" : "PUBLIC",
			"value" : ""
		},
		"kmlhost" : {
			"type" : "char1024",
			"access" : "PUBLIC",
			"value" : "https://raw.githubusercontent.com/slacgismo/gridlabd/master/gldcore/rt"
		},
		"modelname" : {
			"type" : "char1024",
			"access" : "REFERENCE",
			"value" : "/Users/dchassin/Documents/GitHub/slacgismo/gridlabd-template/US/CA/SLAC/ica_analysis/ica_analysis.glm"
		},
		"execdir" : {
			"type" : "char1024",
			"access" : "REFERENCE",
			"value" : "/usr/local/opt/gridlabd/4.2.15-201218-use_case/integration_capacity/bin"
		},
		"strictnames" : {
			"type" : "bool",
			"access" : "PUBLIC",
			"value" : "TRUE"
		},
		"website" : {
			"type" : "char1024",
			"access" : "PUBLIC",
			"value" : "http://www.gridlabd.org/"
		},
		"urlbase" : {
			"type" : "char1024",
			"access" : "PUBLIC",
			"value" : "http://www.gridlabd.org/"
		},
		"randomstate" : {
			"type" : "int32",
			"access" : "PUBLIC",
			"value" : "-754141592"
		},
		"randomseed" : {
			"type" : "int32",
			"access" : "PUBLIC",
			"value" : "-754141592"
		},
		"include" : {
			"type" : "char1024",
			"access" : "REFERENCE",
			"value" : ""
		},
		"trace" : {
			"type" : "char1024",
			"access" : "PUBLIC",
			"value" : ""
		},
		"gdb_window" : {
			"type" : "bool",
			"access" : "PUBLIC",
			"value" : "FALSE"
		},
		"tmp" : {
			"type" : "char1024",
			"access" : "PUBLIC",
			"value" : "/Users/dchassin/.gridlabd/tmp"
		},
		"force_compile" : {
			"type" : "int32",
			"access" : "PUBLIC",
			"value" : "0"
		},
		"nolocks" : {
			"type" : "bool",
			"access" : "PUBLIC",
			"value" : "FALSE"
		},
		"skipsafe" : {
			"type" : "bool",
			"access" : "PUBLIC",
			"value" : "FALSE"
		},
		"dateformat" : {
			"type" : "enumeration",
			"keywords" : {
				"ISO" : "0x0",
				"US" : "0x1",
				"EURO" : "0x2",
				"ISO8601" : "0x3"
			},
			"access" : "PUBLIC",
			"value" : "ISO"
		},
		"init_sequence" : {
			"type" : "enumeration",
			"keywords" : {
				"CREATION" : "0x0",
				"DEFERRED" : "0x1",
				"BOTTOMUP" : "0x2",
				"TOPDOWN" : "0x3"
			},
			"access" : "PUBLIC",
			"value" : "DEFERRED"
		},
		"minimum_timestep" : {
			"type" : "int32",
			"access" : "PUBLIC",
			"value" : "1"
		},
		"platform" : {
			"type" : "char8",
			"access" : "REFERENCE",
			"value" : "MACOSX"
		},
		"suppress_repeat_messages" : {
			"type" : "bool",
			"access" : "PUBLIC",
			"value" : "TRUE"
		},
		"maximum_synctime" : {
			"type" : "int32",
			"access" : "PUBLIC",
			"value" : "60"
		},
		"run_realtime" : {
			"type" : "bool",
			"access" : "PUBLIC",
			"value" : "FALSE"
		},
		"enter_realtime" : {
			"type" : "timestamp",
			"access" : "PUBLIC",
			"value" : "NEVER"
		},
		"realtime_metric" : {
			"type" : "double",
			"access" : "REFERENCE",
			"value" : "+0"
		},
		"no_deprecate" : {
			"type" : "bool",
			"access" : "PUBLIC",
			"value" : "FALSE"
		},
		"streaming_io" : {
			"type" : "bool",
			"access" : "PROTECTED",
			"value" : "FALSE"
		},
		"compileonly" : {
			"type" : "bool",
			"access" : "PROTECTED",
			"value" : "FALSE"
		},
		"relax_naming_rules" : {
			"type" : "bool",
			"access" : "PUBLIC",
			"value" : "FALSE"
		},
		"browser" : {
			"type" : "char1024",
			"access" : "PUBLIC",
			"value" : "safari"
		},
		"server_portnum" : {
			"type" : "int32",
			"access" : "PUBLIC",
			"value" : "0"
		},
		"server_quit_on_close" : {
			"type" : "bool",
			"access" : "PUBLIC",
			"value" : "FALSE"
		},
		"client_allowed" : {
			"type" : "char1024",
			"access" : "PUBLIC",
			"value" : ""
		},
		"autoclean" : {
			"type" : "bool",
			"access" : "PUBLIC",
			"value" : "TRUE"
		},
		"technology_readiness_level" : {
			"type" : "enumeration",
			"keywords" : {
				"PRINCIPLE" : "0x1",
				"CONCEPT" : "0x2",
				"PROOF" : "0x3",
				"STANDALONE" : "0x4",
				"INTEGRATED" : "0x5",
				"DEMONSTRATED" : "0x6",
				"PROTOTYPE" : "0x7",
				"QUALIFIED" : "0x8",
				"PROVEN" : "0x9",
				"UNKNOWN" : "0x0"
			},
			"access" : "PUBLIC",
			"value" : "UNKNOWN"
		},
		"show_progress" : {
			"type" : "bool",
			"access" : "PUBLIC",
			"value" : "TRUE"
		},
		"checkpoint_type" : {
			"type" : "enumeration",
			"keywords" : {
				"NONE" : "0x0",
				"WALL" : "0x1",
				"SIM" : "0x2"
			},
			"access" : "PUBLIC",
			"value" : "NONE"
		},
		"checkpoint_file" : {
			"type" : "char1024",
			"access" : "PUBLIC",
			"value" : ""
		},
		"checkpoint_seqnum" : {
			"type" : "int32",
			"access" : "PUBLIC",
			"value" : "0"
		},
		"checkpoint_interval" : {
			"type" : "int32",
			"access" : "PUBLIC",
			"value" : "0"
		},
		"checkpoint_keepall" : {
			"type" : "bool",
			"access" : "PUBLIC",
			"value" : "FALSE"
		},
		"check_version" : {
			"type" : "bool",
			"access" : "PUBLIC",
			"value" : "FALSE"
		},
		"random_number_generator" : {
			"type" : "enumeration",
			"keywords" : {
				"RNG2" : "0x2",
				"RNG3" : "0x3"
			},
			"access" : "PUBLIC",
			"value" : "RNG3"
		},
		"mainloop_state" : {
			"type" : "enumeration",
			"keywords" : {
				"INIT" : "0x0",
				"RUNNING" : "0x1",
				"PAUSED" : "0x2",
				"DONE" : "0x3",
				"LOCKED" : "0x4"
			},
			"access" : "PUBLIC",
			"value" : "INIT"
		},
		"pauseat" : {
			"type" : "timestamp",
			"access" : "PUBLIC",
			"value" : "NEVER"
		},
		"infourl" : {
			"type" : "char1024",
			"access" : "PUBLIC",
			"value" : "http://docs.gridlabd.us/index.html?owner=slacgismo&project=gridlabd&search="
		},
		"hostname" : {
			"type" : "char1024",
			"access" : "PUBLIC",
			"value" : "localhost"
		},
		"hostaddr" : {
			"type" : "char32",
			"access" : "PUBLIC",
			"value" : "127.0.0.1"
		},
		"autostart_gui" : {
			"type" : "bool",
			"access" : "PUBLIC",
			"value" : "TRUE"
		},
		"master" : {
			"type" : "char1024",
			"access" : "PUBLIC",
			"value" : ""
		},
		"master_port" : {
			"type" : "int64",
			"access" : "PUBLIC",
			"value" : "0"
		},
		"multirun_mode" : {
			"type" : "enumeration",
			"keywords" : {
				"STANDALONE" : "0x0",
				"MASTER" : "0x1",
				"SLAVE" : "0x2",
				"LIBRARY" : "0x3"
			},
			"access" : "PUBLIC",
			"value" : "STANDALONE"
		},
		"multirun_conn" : {
			"type" : "enumeration",
			"keywords" : {
				"NONE" : "0x0",
				"MEMORY" : "0x1",
				"SOCKET" : "0x2"
			},
			"access" : "PUBLIC",
			"value" : "NONE"
		},
		"signal_timeout" : {
			"type" : "int32",
			"access" : "PUBLIC",
			"value" : "5000"
		},
		"slave_port" : {
			"type" : "int16",
			"access" : "PUBLIC",
			"value" : "6267"
		},
		"slave_id" : {
			"type" : "int64",
			"access" : "PUBLIC",
			"value" : "0"
		},
		"return_code" : {
			"type" : "int32",
			"access" : "REFERENCE",
			"value" : "0"
		},
		"exit_code" : {
			"type" : "int16",
			"access" : "REFERENCE",
			"value" : "5"
		},
		"module_compiler_flags" : {
			"type" : "set",
			"keywords" : {
				"NONE" : "0x0",
				"CLEAN" : "0x1",
				"KEEPWORK" : "0x2",
				"DEBUG" : "0x4",
				"VERBOSE" : "0x8"
			},
			"access" : "PUBLIC",
			"value" : "NONE"
		},
		"init_max_defer" : {
			"type" : "int32",
			"access" : "REFERENCE",
			"value" : "64"
		},
		"mt_analysis" : {
			"type" : "bool",
			"access" : "PUBLIC",
			"value" : "FALSE"
		},
		"inline_block_size" : {
			"type" : "int32",
			"access" : "PUBLIC",
			"value" : "1048576"
		},
		"validate" : {
			"type" : "set",
			"keywords" : {
				"NONE" : "0x0",
				"TSTD" : "0x7",
				"TALL" : "0xf",
				"TRUN" : "0x1",
				"TERR" : "0x2",
				"TEXC" : "0x4",
				"TOPT" : "0x8",
				"RALL" : "0x300",
				"RDIR" : "0x100",
				"RGLM" : "0x200"
			},
			"access" : "PUBLIC",
			"value" : "TSTD|RALL"
		},
		"sanitize" : {
			"type" : "set",
			"keywords" : {
				"NAMES" : "0x10",
				"POSITIONS" : "0x60"
			},
			"access" : "PUBLIC",
			"value" : "NAMES|POSITIONS"
		},
		"sanitize_prefix" : {
			"type" : "char8",
			"access" : "PUBLIC",
			"value" : "GLD_"
		},
		"sanitize_index" : {
			"type" : "char1024",
			"access" : "PUBLIC",
			"value" : ".txt"
		},
		"sanitize_offset" : {
			"type" : "char32",
			"access" : "PUBLIC",
			"value" : ""
		},
		"simulation_mode" : {
			"type" : "enumeration",
			"keywords" : {
				"INIT" : "0x0",
				"EVENT" : "0x1",
				"DELTA" : "0x2",
				"DELTA_ITER" : "0x3",
				"ERROR" : "0xff"
			},
			"access" : "PUBLIC",
			"value" : "INIT"
		},
		"deltamode_allowed" : {
			"type" : "bool",
			"access" : "PUBLIC",
			"value" : "FALSE"
		},
		"deltamode_timestep" : {
			"type" : "int32",
			"access" : "PUBLIC",
			"value" : "10000000"
		},
		"deltamode_maximumtime" : {
			"type" : "int64",
			"access" : "PUBLIC",
			"value" : "3600000000000"
		},
		"deltaclock" : {
			"type" : "int64",
			"access" : "PUBLIC",
			"value" : "0"
		},
		"delta_current_clock" : {
			"type" : "double",
			"access" : "PUBLIC",
			"value" : "+0"
		},
		"deltamode_updateorder" : {
			"type" : "char1024",
			"access" : "REFERENCE",
			"value" : ""
		},
		"deltamode_iteration_limit" : {
			"type" : "int32",
			"access" : "PUBLIC",
			"value" : "10"
		},
		"deltamode_forced_extra_timesteps" : {
			"type" : "int32",
			"access" : "PUBLIC",
			"value" : "0"
		},
		"deltamode_forced_always" : {
			"type" : "bool",
			"access" : "PUBLIC",
			"value" : "FALSE"
		},
		"run_powerworld" : {
			"type" : "bool",
			"access" : "PUBLIC",
			"value" : "FALSE"
		},
		"bigranks" : {
			"type" : "bool",
			"access" : "PUBLIC",
			"value" : "TRUE"
		},
		"exename" : {
			"type" : "char1024",
			"access" : "REFERENCE",
			"value" : "/usr/local/opt/gridlabd/4.2.15-201218-use_case/integration_capacity/bin/gridlabd.bin"
		},
		"wget_options" : {
			"type" : "char1024",
			"access" : "PUBLIC",
			"value" : "maxsize:100MB;update:newer"
		},
		"curl_options" : {
			"type" : "char1024",
			"access" : "PUBLIC",
			"value" : "maxsize:100MB;update:newer"
		},
		"svnroot" : {
			"type" : "char1024",
			"access" : "PUBLIC",
			"value" : "http://gridlab-d.svn.sourceforge.net/svnroot/gridlab-d"
		},
		"github" : {
			"type" : "char1024",
			"access" : "PUBLIC",
			"value" : "https://github.com/gridlab-d"
		},
		"gitraw" : {
			"type" : "char1024",
			"access" : "PUBLIC",
			"value" : "https://raw.githubusercontent.com/gridlab-d"
		},
		"allow_reinclude" : {
			"type" : "bool",
			"access" : "PUBLIC",
			"value" : "FALSE"
		},
		"output_message_context" : {
			"type" : "set",
			"keywords" : {
				"NONE" : "0x0",
				"ALL" : "0xffffffff",
				"LOAD" : "0x4",
				"CREATE" : "0x8",
				"EXEC" : "0x10",
				"TIME" : "0x20",
				"FIND" : "0x40",
				"CLASS" : "0x80",
				"OBJECT" : "0x100",
				"MODULE" : "0x200",
				"INDEX" : "0x400",
				"GLOBALS" : "0x800",
				"EXCEPTION" : "0x1000",
				"AGGREGATE" : "0x2000",
				"COMPARE" : "0x4000",
				"CONVERT" : "0x8000",
				"DELTAMODE" : "0x10000",
				"ENDUSE" : "0x20000",
				"ENVIRONMENT" : "0x40000",
				"GUI" : "0x80000",
				"HTTPCLIENT" : "0x100000",
				"INSTANCE" : "0x200000",
				"INTERPOLATE" : "0x400000",
				"JOB" : "0x800000",
				"KML" : "0x1000000",
				"LEGAL" : "0x2000000",
				"LINK" : "0x4000000",
				"LIST" : "0x8000000",
				"XML" : "0x10000000",
				"LOADSHAPE" : "0x20000000",
				"LOCALE" : "0x40000000",
				"LOCK" : "0x80000000",
				"MATCH" : "0x0",
				"MATLAB" : "0x0",
				"PROPERTY" : "0x0",
				"RANDOM" : "0x0",
				"REALTIME" : "0x0",
				"SANITIZE" : "0x0",
				"SAVE" : "0x0",
				"SCHEDULE" : "0x0",
				"SERVER" : "0x0",
				"SETUP" : "0x0",
				"STREAM" : "0x0",
				"TEST" : "0x0",
				"THREADPOOL" : "0x0",
				"TRANSFORM" : "0x0",
				"HTTP" : "0x0",
				"UNIT" : "0x0",
				"VALIDATE" : "0x0",
				"VERSION" : "0x0",
				"XCORE" : "0x0",
				"MAIN" : "0x1",
				"CMDARG" : "0x2"
			},
			"access" : "PUBLIC",
			"value" : "ALL"
		},
		"permissive_access" : {
			"type" : "int32",
			"access" : "PUBLIC",
			"value" : "0"
		},
		"relax_undefined_if" : {
			"type" : "bool",
			"access" : "PUBLIC",
			"value" : "FALSE"
		},
		"literal_if" : {
			"type" : "bool",
			"access" : "PUBLIC",
			"value" : "TRUE"
		},
		"validto_context" : {
			"type" : "enumeration",
			"keywords" : {
				"SYNC" : "0x0",
				"PRECOMMIT" : "0x1",
				"COMMIT" : "0x2"
			},
			"access" : "PUBLIC",
			"value" : "1414746112"
		},
		"daemon_configfile" : {
			"type" : "char1024",
			"access" : "PUBLIC",
			"value" : "gridlabd.cnf"
		},
		"timezone_locale" : {
			"type" : "char1024",
			"access" : "REFERENCE",
			"value" : "PST8PDT"
		},
		"glm_save_options" : {
			"type" : "set",
			"keywords" : {
				"LEGACY" : "0x0",
				"MINIMAL" : "0xf",
				"NOGLOBALS" : "0x4",
				"NODEFAULTS" : "0x8",
				"NOMACROS" : "0x2",
				"NOINTERNALS" : "0x1",
				"ORIGINAL" : "0x10"
			},
			"access" : "PUBLIC",
			"value" : "MINIMAL"
		},
		"filesave_options" : {
			"type" : "set",
			"keywords" : {
				"ALLINITIAL" : "0xc1ff",
				"ALLMINIMAL" : "0x81ff",
				"ALL" : "0x1ff",
				"MODULES" : "0x1",
				"PROPERTIES" : "0x2",
				"CLASSES" : "0x4",
				"GLOBALS" : "0x8",
				"OBJECTS" : "0x10",
				"SCHEDULES" : "0x20",
				"FILTERS" : "0x40",
				"SCRIPTS" : "0x80",
				"CLOCK" : "0x100",
				"INITIAL" : "0x4000",
				"MINIMAL" : "0x8000"
			},
			"access" : "PUBLIC",
			"value" : "ALL"
		},
		"ignore_errors" : {
			"type" : "bool",
			"access" : "PUBLIC",
			"value" : "FALSE"
		},
		"keep_progress" : {
			"type" : "bool",
			"access" : "PUBLIC",
			"value" : "FALSE"
		},
		"allow_variant_aggregates" : {
			"type" : "bool",
			"access" : "PUBLIC",
			"value" : "FALSE"
		},
		"progress" : {
			"type" : "double",
			"access" : "REFERENCE",
			"value" : "+0"
		},
		"server_keepalive" : {
			"type" : "bool",
			"access" : "PUBLIC",
			"value" : "FALSE"
		},
		"pythonpath" : {
			"type" : "char1024",
			"access" : "PUBLIC",
			"value" : "."
		},
		"pythonexec" : {
			"type" : "char1024",
			"access" : "REFERENCE",
			"value" : "/usr/local/Cellar/python@3.9/3.9.0_2/Frameworks/Python.framework/Versions/3.9/bin/python3.9"
		},
		"datadir" : {
			"type" : "char1024",
			"access" : "PUBLIC",
			"value" : "/usr/local/opt/gridlabd/4.2.15-201218-use_case/integration_capacity/share/gridlabd"
		},
		"json_complex_format" : {
			"type" : "set",
			"keywords" : {
				"STRING" : "0x0",
				"LIST" : "0x1",
				"DICT" : "0x2",
				"DEGREES" : "0x10",
				"RADIANS" : "0x20"
			},
			"access" : "PUBLIC",
			"value" : "STRING"
		},
		"rusage_file" : {
			"type" : "char1024",
			"access" : "PUBLIC",
			"value" : "gridlabd-rusage.csv"
		},
		"rusage_rate" : {
			"type" : "int64",
			"access" : "PUBLIC",
			"value" : "0"
		},
		"rusage" : {
			"type" : "char1024",
			"access" : "PUBLIC",
			"value" : "{}"
		},
		"﻿input_option" : {
			"type" : "char1024",
			"access" : "PUBLIC",
			"value" : "1"
		},
		"violation_option" : {
			"type" : "char1024",
			"access" : "PUBLIC",
			"value" : "2"
		},
		"underground_line.rating.summer.continuous" : {
			"type" : "char1024",
			"access" : "PUBLIC",
			"value" : "60%"
		},
		"underground_line.rating.winter.continuous" : {
			"type" : "char1024",
			"access" : "PUBLIC",
			"value" : "60%"
		},
		"overhead_line.rating.summer.continuous" : {
			"type" : "char1024",
			"access" : "PUBLIC",
			"value" : "55%"
		},
		"overhead_line.rating.winter.continuous" : {
			"type" : "char1024",
			"access" : "PUBLIC",
			"value" : "55%"
		},
		"transformer.power_rating" : {
			"type" : "char1024",
			"access" : "PUBLIC",
			"value" : ""
		},
		"transformer.powerA_rating" : {
			"type" : "char1024",
			"access" : "PUBLIC",
			"value" : ""
		},
		"transformer.powerB_rating" : {
			"type" : "char1024",
			"access" : "PUBLIC",
			"value" : ""
		},
		"transformer.powerC_rating" : {
			"type" : "char1024",
			"access" : "PUBLIC",
			"value" : ""
		},
		"transformer.rated_top_oil_rise" : {
			"type" : "char1024",
			"access" : "PUBLIC",
			"value" : ""
		},
		"transformer.rated_winding_spot_rise" : {
			"type" : "char1024",
			"access" : "PUBLIC",
			"value" : ""
		},
		"regulator.raise_taps" : {
			"type" : "char1024",
			"access" : "PUBLIC",
			"value" : "6"
		},
		"regulator.lower_taps" : {
			"type" : "char1024",
			"access" : "PUBLIC",
			"value" : ""
		},
		"regulator.continuous_rating" : {
			"type" : "char1024",
			"access" : "PUBLIC",
			"value" : "80%"
		},
		"triplex_meter.nominal_voltage" : {
			"type" : "char1024",
			"access" : "PUBLIC",
			"value" : ""
		},
		"meter.nominal_voltage" : {
			"type" : "char1024",
			"access" : "PUBLIC",
			"value" : "5%"
		}
	},
	"schedules" : {
	},
	"objects" : {
	}
}
